Sample_ID,Grade,Prep_of_Mining__Electricity_kWh,Prep_of_Mining__Carbon_kgCO2e,Prep_of_Mining__NaturalGas_Nm3,Prep_of_Mining__WasteWater_L,Prep_of_Mining__LiquidFuel_L,Prep_of_Mining__Fluorine_g,Prep_of_Mining__SO2_g,Actual_Mining__Electricity_kWh,Actual_Mining__Carbon_kgCO2e,Actual_Mining__NaturalGas_Nm3,Actual_Mining__WasteWater_L,Actual_Mining__LiquidFuel_L,Actual_Mining__Fluorine_g,Actual_Mining__SO2_g,electricity_kwh,Grinding__Carbon_kgCO2e,Grinding__NaturalGas_Nm3,Grinding__WasteWater_L,Grinding__LiquidFuel_L,Grinding__Fluorine_g,Grinding__SO2_g,Pressure_Digestion__Electricity_kWh,Pressure_Digestion__Carbon_kgCO2e,Pressure_Digestion__NaturalGas_Nm3,Pressure_Digestion__WasteWater_L,Pressure_Digestion__LiquidFuel_L,Pressure_Digestion__Fluorine_g,Pressure_Digestion__SO2_g,Clarification__Electricity_kWh,Clarification__Carbon_kgCO2e,Clarification__NaturalGas_Nm3,Clarification__WasteWater_L,Clarification__LiquidFuel_L,Clarification__Fluorine_g,Clarification__SO2_g,Precipitation__Electricity_kWh,Precipitation__Carbon_kgCO2e,Precipitation__NaturalGas_Nm3,Precipitation__WasteWater_L,Precipitation__LiquidFuel_L,Precipitation__Fluorine_g,Precipitation__SO2_g,Seed_Separation__Electricity_kWh,Seed_Separation__Carbon_kgCO2e,Seed_Separation__NaturalGas_Nm3,Seed_Separation__WasteWater_L,Seed_Separation__LiquidFuel_L,Seed_Separation__Fluorine_g,Seed_Separation__SO2_g,Washing_Filtering_1__Electricity_kWh,Washing_Filtering_1__Carbon_kgCO2e,Washing_Filtering_1__NaturalGas_Nm3,Washing_Filtering_1__WasteWater_L,Washing_Filtering_1__LiquidFuel_L,Washing_Filtering_1__Fluorine_g,Washing_Filtering_1__SO2_g,Washing_Filtering_2__Electricity_kWh,Washing_Filtering_2__Carbon_kgCO2e,Washing_Filtering_2__NaturalGas_Nm3,Washing_Filtering_2__WasteWater_L,Washing_Filtering_2__LiquidFuel_L,Washing_Filtering_2__Fluorine_g,Washing_Filtering_2__SO2_g,Calcination__Electricity_kWh,Calcination__Carbon_kgCO2e,Calcination__NaturalGas_Nm3,Calcination__WasteWater_L,Calcination__LiquidFuel_L,Calcination__Fluorine_g,Calcination__SO2_g,electricity_kwh,carbon_kgco2e,naturalGas_nm3,wastewater_l,Total__LiquidFuel_L,flourine_g,so2_g
L-001,Low,0.026921578,0.014111622,0.00178627,0.200614741,0.006248866,0.000358755,0.002841113,0.074534474,0.04656328,0.005622753,0.520550833,0.01448302,0.000902675,0.007153449,0.199523485,0.125918077,0.008478819,0.798465149,0.011134552,0.00136533,0.010710035,0.421064863,0.261247488,0.03407879,1.837281898,0.020978591,0.002084969,0.010947575,0.156035717,0.100857726,0.00614141,1.063271531,0.007041843,0.000632573,0.005681299,0.166295621,0.07551648,0.00555612,0.640848009,0.004013853,0.001075502,0.004125107,0.087780911,0.042455119,0.003592631,0.489899495,0.002552203,0.000506637,0.003093048,0.1030143,0.070855699,0.002622238,0.876835641,0.003652291,0.000412142,0.003132508,0.073364137,0.044114063,0.00193574,0.570533013,0.002639564,0.00028354,0.002259804,0.599947913,0.380272683,0.047599318,0.330720889,0.025127459,0.001893798,0.013039692,1.908482998,1.161912237,0.117414088,7.329021199,0.097872242,0.009515921,0.06298363
L-002,Low,0.027683134,0.015075824,0.00153439,0.221090282,0.00625919,0.000370284,0.002694967,0.077944932,0.044185949,0.00504334,0.522417364,0.015725737,0.000802965,0.006485268,0.199525023,0.104110334,0.00858333,0.736172133,0.010238426,0.001443552,0.009033426,0.532679808,0.243794807,0.036875703,1.781489043,0.017914497,0.002432631,0.011846142,0.159408768,0.088749545,0.006693775,1.095004294,0.006849557,0.000665622,0.005329291,0.148789177,0.073322492,0.005886902,0.636410451,0.00435675,0.000949079,0.004299294,0.092930443,0.044393609,0.003656187,0.494306964,0.002867416,0.000496778,0.003197105,0.117674679,0.064248607,0.002397656,0.78831587,0.003558694,0.00044688,0.003079767,0.074922577,0.046161072,0.001723349,0.594592232,0.002367437,0.000268436,0.002480092,0.599195512,0.363633086,0.052868958,0.324247967,0.024393464,0.001636271,0.016769839,2.030754052,1.087675325,0.12526359,7.1940466,0.094531168,0.009512499,0.06521519
L-003,Low,0.01966835,0.016603613,0.001704137,0.179654272,0.006080844,0.000351485,0.002656754,0.055196974,0.04662308,0.004832866,0.534860618,0.015210305,0.000797091,0.00711887,0.198416516,0.104398904,0.009204732,0.803226036,0.009581176,0.00132108,0.009530724,0.474064489,0.282584268,0.030766473,1.610393965,0.02023199,0.00231489,0.01180384,0.183098633,0.098869909,0.00656649,1.085643235,0.006718687,0.000709144,0.005597747,0.156907213,0.092164014,0.005542425,0.742479344,0.004031442,0.001042772,0.004141684,0.08940418,0.044453587,0.003410388,0.534871125,0.002176077,0.000586824,0.003331647,0.096068127,0.067044195,0.002556055,0.811255367,0.003821237,0.000429652,0.003645503,0.077190687,0.043872502,0.001914302,0.486867533,0.002403598,0.000273256,0.002517428,0.559351393,0.327698518,0.051567856,0.346788904,0.02819692,0.001546667,0.016554344,1.909366561,1.124312591,0.118065722,7.1360404,0.098452275,0.009372861,0.066898541
L-004,Low,0.029786204,0.015716836,0.001544183,0.198105383,0.005955916,0.00035361,0.002442928,0.075508499,0.039136899,0.004470234,0.550073984,0.012116353,0.000837681,0.008305216,0.203825561,0.112660081,0.008465361,0.846934172,0.010316343,0.001423948,0.008660186,0.533032374,0.276733647,0.035754481,1.624182367,0.022263196,0.002002769,0.012134504,0.15873741,0.09162088,0.007132266,1.070196826,0.006387774,0.000648947,0.005353091,0.146166762,0.084289952,0.005956348,0.660859195,0.003806088,0.001044353,0.004027601,0.091377335,0.050867421,0.003573607,0.575893936,0.002534957,0.000533496,0.003258926,0.131736069,0.075637559,0.002552151,0.83839726,0.003914541,0.000403738,0.003403565,0.079441585,0.044446158,0.001722087,0.511777104,0.002089748,0.00027656,0.00253292,0.585460794,0.412142949,0.048451119,0.314539434,0.02537828,0.001690031,0.016136417,2.035072592,1.203252383,0.119621837,7.190959663,0.094763194,0.009215133,0.066255356
L-005,Low,0.02409693,0.017718725,0.001937407,0.203433038,0.00647794,0.000314496,0.002744669,0.073056251,0.045105422,0.005094365,0.403026646,0.01379162,0.000812226,0.006327699,0.205770568,0.11875904,0.008002347,0.786101411,0.009681825,0.001468292,0.008911179,0.458597131,0.263180256,0.03481833,1.755069313,0.015990119,0.002187974,0.013113587,0.157324248,0.091793329,0.006582618,1.045687705,0.006908112,0.000586022,0.004695198,0.169720299,0.079398192,0.006475286,0.784300194,0.003704053,0.001066011,0.004214494,0.082251256,0.048427857,0.003514577,0.5356219,0.002763323,0.000524779,0.003067922,0.108426846,0.080153811,0.002681169,0.953267029,0.003923701,0.000415005,0.003646398,0.074605731,0.038746422,0.001702178,0.590761094,0.002278673,0.000279956,0.002523902,0.55657055,0.362016104,0.047314142,0.320152922,0.023168791,0.001591316,0.016841955,1.91041981,1.145299158,0.118122419,7.377421252,0.088688157,0.009246075,0.066087002
L-006,Low,0.023842529,0.016295004,0.001639304,0.221074694,0.006503901,0.000360859,0.002605426,0.066884445,0.038903518,0.005803752,0.48249224,0.015130868,0.000913945,0.006531911,0.219034573,0.129041318,0.009542826,0.821674941,0.009268777,0.00131119,0.009488647,0.477967357,0.264401927,0.029391197,1.756787298,0.023256744,0.002107242,0.012414659,0.176909415,0.101379565,0.007249808,1.136019042,0.006649039,0.00064157,0.005009847,0.156412389,0.083092439,0.006082792,0.78885244,0.004501412,0.0011129,0.004273539,0.077107568,0.046433686,0.003410637,0.443526813,0.002801418,0.000515156,0.003492059,0.123078057,0.063333729,0.00265393,0.809634912,0.00352334,0.000385631,0.00399218,0.072805794,0.046395059,0.001473687,0.589575877,0.002557803,0.000273882,0.002341651,0.611898,0.434776547,0.04461532,0.358878141,0.023849517,0.001697596,0.015030728,2.005940128,1.224052793,0.111863253,7.408516398,0.098042818,0.009319969,0.065180646
L-007,Low,0.02472453,0.016138,0.001563106,0.218906649,0.005192064,0.00035303,0.002490881,0.062346775,0.043110692,0.004536228,0.511438037,0.012990199,0.000877838,0.00635372,0.197467803,0.124954538,0.008033771,0.846501873,0.009103684,0.001420917,0.010521638,0.570365491,0.273760639,0.035902725,1.485078481,0.02257656,0.002152429,0.011491125,0.184932772,0.096818515,0.006578865,1.142292402,0.006286612,0.000729324,0.004717626,0.141593255,0.079510022,0.006270851,0.731499846,0.003843242,0.000976137,0.004240331,0.077872831,0.043707779,0.003909667,0.478838927,0.002491513,0.000496702,0.003298284,0.117149772,0.070763193,0.002494607,0.744363394,0.003893032,0.000405238,0.004008585,0.062874142,0.044813214,0.001931576,0.530355526,0.002341896,0.000277707,0.002285575,0.581816521,0.365029658,0.04872811,0.369664597,0.026334782,0.001730251,0.016178351,2.021143892,1.15860625,0.119949505,7.058939733,0.095053586,0.009419573,0.065586115
L-008,Low,0.025021384,0.015262259,0.001627263,0.204025826,0.005502536,0.000327924,0.002456557,0.078257357,0.034130013,0.00503496,0.572487372,0.014575006,0.000895469,0.006848196,0.194334343,0.102916854,0.008623993,0.803192141,0.009620397,0.001311818,0.010508326,0.55727389,0.27619472,0.032878052,1.557908771,0.021078634,0.002298236,0.011691022,0.141285518,0.10329075,0.007275751,0.98058248,0.006885207,0.000701785,0.005073528,0.144409856,0.091131181,0.005779592,0.684332114,0.003631571,0.001111311,0.004436078,0.08553092,0.046112048,0.0032723,0.471047576,0.002471885,0.000433232,0.003222314,0.10972301,0.069170888,0.002542771,0.862054666,0.003911965,0.000438653,0.00368926,0.074863,0.041122091,0.001789311,0.608878563,0.002437809,0.000309026,0.002122209,0.546242368,0.396709021,0.051956995,0.371714702,0.025471989,0.001595235,0.015067974,1.956941645,1.176039825,0.120780988,7.116224211,0.095586999,0.009422688,0.065115465
L-009,Low,0.022725076,0.014855902,0.001817374,0.216641453,0.006103351,0.000298453,0.002485111,0.062085701,0.046050189,0.004888634,0.470685075,0.014480569,0.000811367,0.007516352,0.193356999,0.110240147,0.007200717,0.848142035,0.00979305,0.001222025,0.010139468,0.498550217,0.271455056,0.037293484,1.779968099,0.019208176,0.001889479,0.012591113,0.174784149,0.099788336,0.006391311,1.152696526,0.006435245,0.000675076,0.005623938,0.145821358,0.07550701,0.005505351,0.819005341,0.004326865,0.001010667,0.004096381,0.087929147,0.044730365,0.003473788,0.483521272,0.002387479,0.000486917,0.003309377,0.111811012,0.067408361,0.001882221,0.769207957,0.003470749,0.000451599,0.003296252,0.07566458,0.048891704,0.001541525,0.559216899,0.002244432,0.000262255,0.00224429,0.564082688,0.446277655,0.054057775,0.366595952,0.026390754,0.001506125,0.015729043,1.936810926,1.225204725,0.124052179,7.46568061,0.09484067,0.008613962,0.067031324
L-010,Low,0.027442539,0.015171449,0.001816515,0.214201606,0.006732394,0.000329915,0.002351278,0.066254059,0.046831835,0.004437934,0.435104115,0.014541715,0.00082329,0.006803731,0.217691896,0.117597951,0.007369641,0.973384462,0.009477807,0.001257739,0.010082705,0.463005806,0.270775815,0.035165455,1.830788481,0.019917016,0.00226015,0.010095463,0.179170632,0.092722803,0.007462533,1.1161441,0.006475121,0.000712002,0.005423424,0.159972896,0.078785783,0.005745527,0.764778784,0.00423755,0.001074297,0.003642004,0.087017664,0.046619979,0.003197586,0.483114554,0.002511158,0.000379605,0.003230709,0.105223084,0.06880797,0.002404159,0.803537167,0.003960921,0.000436804,0.003798699,0.072145277,0.045904144,0.001671769,0.536426096,0.002449229,0.000260471,0.002632288,0.588235302,0.390419946,0.056270729,0.364904122,0.022949152,0.001753699,0.016224136,1.966159155,1.173637678,0.125541848,7.522383486,0.093252063,0.009287971,0.064284434
L-011,Low,0.027114718,0.01487344,0.001620696,0.218405181,0.005628194,0.000332765,0.002835312,0.067769225,0.040306959,0.004782215,0.522047767,0.013082257,0.000835073,0.006960884,0.222816886,0.12820126,0.008069062,0.921117606,0.009983091,0.001240681,0.00923579,0.524604366,0.275191116,0.034030228,1.897611446,0.018326826,0.001853794,0.010534771,0.174497864,0.099765552,0.007544833,1.124101837,0.006604873,0.000680087,0.005142622,0.134839657,0.101356851,0.00616962,0.776406601,0.004435626,0.001071376,0.004207588,0.08119046,0.049625904,0.003493111,0.48067388,0.002806916,0.000520622,0.003576178,0.12328832,0.066403037,0.002607384,0.862929738,0.003386269,0.000409566,0.003601823,0.069722564,0.051473208,0.00153014,0.493862035,0.002602078,0.000285775,0.002206632,0.620654924,0.412977301,0.050890417,0.402735585,0.022378586,0.001783744,0.0165672,2.046498985,1.240174628,0.120737705,7.699891675,0.089234717,0.009013482,0.064868801
L-012,Low,0.027113778,0.015915676,0.001664944,0.210432999,0.006294615,0.000354544,0.002738302,0.063080896,0.041812701,0.00475962,0.496018856,0.015491566,0.000856517,0.008058592,0.206801298,0.122918746,0.008564081,0.811508245,0.010158115,0.001468899,0.009425659,0.449184235,0.254134766,0.032913213,1.708915317,0.022128791,0.001845844,0.011629779,0.171741822,0.085762959,0.006397539,1.051659345,0.006415706,0.000689264,0.005041861,0.146967927,0.087582754,0.006677913,0.854036218,0.003669804,0.001061792,0.004196281,0.085936362,0.046253963,0.003428386,0.515482462,0.002445181,0.000477543,0.003291685,0.114066156,0.069119655,0.002704499,0.787368607,0.003641946,0.000435882,0.003865443,0.07448755,0.043506672,0.001723069,0.499593699,0.002347284,0.000286379,0.002488476,0.583582545,0.379781289,0.048013941,0.3569823,0.025359104,0.001666693,0.014907059,1.92296257,1.146789182,0.116847204,7.291998047,0.097952111,0.009143356,0.065643139
L-013,Low,0.025386131,0.015636441,0.001779438,0.198274713,0.006622948,0.00037537,0.002388586,0.068336532,0.040536644,0.004981721,0.582507899,0.014134447,0.00087174,0.00706135,0.189506884,0.114968878,0.007772165,0.796531666,0.008136008,0.001412585,0.010713677,0.48099575,0.244649016,0.032448338,1.644613565,0.01892613,0.002164589,0.012584589,0.156053697,0.103676002,0.007537145,1.254265204,0.008183324,0.000636452,0.00612265,0.149152256,0.081424471,0.006088172,0.733385339,0.004370412,0.0009244,0.004177956,0.092758489,0.047407156,0.003434181,0.527209114,0.002761948,0.000450064,0.003541104,0.11006395,0.067084415,0.002741904,0.746813602,0.003313325,0.000351934,0.003430805,0.08186566,0.043821573,0.001538247,0.525241144,0.002128581,0.00025027,0.002445703,0.545409721,0.403544891,0.050742473,0.342066256,0.024996006,0.001793283,0.016150747,1.89952907,1.162749487,0.119063785,7.350908502,0.093573129,0.009230687,0.068617166
L-014,Low,0.026106616,0.016797615,0.001674401,0.211853268,0.005807264,0.000340054,0.002500276,0.065792549,0.040420605,0.005269351,0.55745704,0.015651492,0.000774166,0.007422427,0.199391792,0.12762061,0.007953099,0.858568488,0.010427198,0.001216647,0.009753798,0.52148722,0.268627199,0.037283446,1.677103995,0.021630538,0.001718662,0.013943625,0.188050181,0.096607451,0.005847875,1.127597266,0.006102873,0.000701478,0.005249028,0.142773537,0.091765036,0.006290315,0.818001845,0.004252673,0.000917488,0.004545073,0.083368309,0.042903099,0.003726382,0.586019546,0.002542532,0.000588182,0.003422043,0.109169212,0.063332243,0.002846394,0.770801584,0.003756369,0.000391802,0.003453326,0.08027145,0.043007368,0.001651141,0.587753449,0.002649928,0.00028445,0.002269357,0.573429344,0.37612207,0.052162088,0.316152917,0.02680906,0.001710321,0.013436226,1.98984021,1.167203297,0.124704492,7.511309398,0.099629927,0.00864325,0.06599518
L-015,Low,0.023818179,0.015571941,0.001691206,0.231364314,0.006050615,0.000319704,0.002589945,0.06630012,0.043479958,0.005310224,0.553786242,0.014425083,0.000948911,0.007238393,0.193753446,0.14160453,0.008697341,0.799600236,0.01139704,0.00156063,0.009328076,0.458978636,0.268671095,0.035725362,1.854237298,0.021226294,0.002054734,0.01316567,0.166224064,0.105817054,0.006660923,1.138815906,0.006745172,0.000677303,0.004963348,0.167609149,0.080576791,0.005637289,0.880201766,0.004545066,0.00084727,0.004079433,0.074064644,0.044387046,0.002642363,0.505039607,0.002343251,0.000512169,0.003007696,0.112860492,0.064346865,0.002821929,0.897768371,0.003769062,0.000398539,0.004073234,0.06655214,0.039795352,0.001689887,0.631059968,0.002345809,0.000268461,0.002136346,0.634960795,0.399310642,0.053857241,0.324810613,0.024220507,0.00154392,0.015391111,1.965121666,1.203561274,0.124733765,7.816684321,0.097067899,0.009131641,0.065973253
L-016,Low,0.023543923,0.014799915,0.001648861,0.196915062,0.005722731,0.00035126,0.002564312,0.066608783,0.043052242,0.004740968,0.513812139,0.014604511,0.000759291,0.007280721,0.191233314,0.123184828,0.009202722,0.905864592,0.010224864,0.001324997,0.009979006,0.498801991,0.260058135,0.032081127,1.44986673,0.0206231,0.002028022,0.012859968,0.174333795,0.107940405,0.006463313,1.194293584,0.006544639,0.000717542,0.004571784,0.155554275,0.073022408,0.005837148,0.788917827,0.004092798,0.000943927,0.004505316,0.084375602,0.045945447,0.003410114,0.60547379,0.002758842,0.000552097,0.003505141,0.113526255,0.055020922,0.002427071,0.788157441,0.003094771,0.000374472,0.003067917,0.07459647,0.046769451,0.001833588,0.560020635,0.002217205,0.000234688,0.002083124,0.541391831,0.35039722,0.050421551,0.315518076,0.026113716,0.001671965,0.015311456,1.923966238,1.120190973,0.118066461,7.318839875,0.095997176,0.008958261,0.065728745
L-017,Low,0.027564424,0.014796687,0.001750538,0.203797612,0.005809119,0.00036137,0.002709146,0.063430342,0.04195033,0.005201827,0.500114426,0.015050203,0.00086697,0.007684761,0.181835437,0.121335982,0.007951719,0.886457885,0.009028844,0.00139344,0.008931742,0.451188266,0.244065227,0.032877307,1.830899214,0.020363517,0.002130913,0.013306456,0.17318353,0.094688068,0.007025589,1.062297246,0.006556465,0.00060662,0.005435398,0.148806854,0.086098963,0.005512358,0.788678496,0.004020084,0.001009737,0.004514884,0.089772232,0.047525547,0.002973173,0.618369671,0.002866088,0.000536168,0.003218177,0.111295102,0.063741957,0.002778821,0.831208367,0.003371238,0.000394363,0.003854188,0.0832978,0.04899621,0.001791374,0.534242617,0.001832249,0.000277739,0.002379691,0.600913544,0.37543119,0.046197605,0.353455843,0.026644628,0.001782358,0.016328267,1.93128753,1.138630162,0.11406031,7.609521376,0.095542434,0.009359679,0.068362708
L-018,Low,0.026593636,0.01567984,0.00169145,0.205319853,0.005995498,0.000364097,0.002666536,0.078029414,0.04915802,0.005128841,0.371074703,0.015718928,0.000817388,0.006413044,0.198228919,0.118518493,0.008869505,0.755888051,0.009419515,0.001393135,0.009763541,0.497681541,0.256800755,0.031638467,1.638849176,0.020747432,0.002255157,0.01017012,0.167335804,0.089270451,0.006002297,1.180862584,0.007062945,0.000701699,0.005433503,0.147788814,0.082389033,0.006873362,0.751607493,0.004471826,0.001020462,0.003692288,0.072660664,0.045643265,0.003654943,0.538544041,0.002715494,0.000474259,0.003790072,0.104513467,0.067301828,0.002548126,0.805926446,0.003909293,0.000387574,0.003227916,0.074906192,0.042945264,0.00210765,0.570129425,0.00231083,0.000251604,0.002062269,0.55168962,0.377052164,0.056168357,0.367077576,0.025914776,0.001660994,0.015592011,1.91942807,1.144759113,0.124682998,7.185279346,0.098266536,0.009326369,0.0628113
L-019,Low,0.024561006,0.018120362,0.001677165,0.202749482,0.005013926,0.000335282,0.002701445,0.062845035,0.040234701,0.005387041,0.456530242,0.015535251,0.000817885,0.006612399,0.187721745,0.125685373,0.009984533,0.897163358,0.009574085,0.001469656,0.009139772,0.522452094,0.287578535,0.026895256,1.578807588,0.021767848,0.002061966,0.011035029,0.162352575,0.0852552,0.006757333,1.278439662,0.007188622,0.000785753,0.005419516,0.164161508,0.096913565,0.006109375,0.754830748,0.004561604,0.001125287,0.004105171,0.080645331,0.048069278,0.003600724,0.538898877,0.002292154,0.000579219,0.003245223,0.110088439,0.062050935,0.003038532,0.830024606,0.003354303,0.000433026,0.003764953,0.073803019,0.046837992,0.001600387,0.524961525,0.002040314,0.000246432,0.002685453,0.664342152,0.375746952,0.057021475,0.336135802,0.025059306,0.001706821,0.015164298,2.052972905,1.186492893,0.122071821,7.398541891,0.096387412,0.009561327,0.063873259
L-020,Low,0.025110387,0.017461077,0.001718121,0.214319586,0.006385707,0.000349371,0.002374332,0.061468363,0.042948946,0.005037988,0.513164444,0.014433529,0.001005919,0.006157767,0.175177618,0.125288488,0.008272829,0.869074696,0.010622848,0.001483993,0.008349428,0.457185162,0.280280237,0.035859899,1.964749361,0.021784242,0.002031775,0.011147671,0.163189021,0.094450725,0.007116347,1.125162735,0.006160942,0.000658955,0.00541776,0.156820108,0.08843177,0.006111765,0.853339585,0.004321226,0.000992044,0.003973671,0.086506393,0.039351397,0.003355513,0.502546539,0.002302963,0.000476387,0.003595451,0.114037896,0.066779148,0.002605464,0.821366472,0.003885028,0.000411575,0.003200387,0.083457294,0.045362202,0.001628877,0.495588612,0.002446902,0.000269737,0.002645999,0.580387147,0.351764191,0.054243678,0.362336305,0.025805343,0.001781636,0.01525906,1.90333939,1.15211818,0.125950482,7.721648334,0.09814873,0.009461393,0.062121527
L-021,Low,0.025923413,0.017485837,0.001775476,0.201548229,0.006521306,0.000282912,0.002921528,0.059763629,0.040607747,0.005085184,0.504695935,0.015482527,0.00078616,0.006925898,0.195625176,0.124964893,0.00846091,0.855608667,0.009801744,0.001310748,0.009540706,0.507893809,0.260446029,0.031902795,1.774044642,0.020352921,0.002160289,0.011134692,0.148522172,0.094868652,0.006430005,1.098818656,0.006492531,0.000715776,0.004995661,0.154634604,0.085951325,0.006032359,0.763689427,0.004404074,0.000962379,0.004672274,0.083572497,0.043167489,0.003445401,0.479178755,0.002670459,0.00059001,0.003210121,0.114847744,0.058036309,0.00263218,0.764685285,0.003411623,0.000376098,0.003755578,0.080149592,0.044273387,0.001595664,0.605393738,0.002253196,0.000230247,0.002457459,0.548328794,0.400251518,0.0496199,0.354573638,0.028037416,0.001554091,0.014685222,1.919261431,1.170053186,0.116979873,7.402236971,0.099427798,0.00896871,0.06429914
L-022,Low,0.025362998,0.017913033,0.001620533,0.195389208,0.00615199,0.000326066,0.002577615,0.060509177,0.049181741,0.004611994,0.498349335,0.014416676,0.000965431,0.006160364,0.232731971,0.128980169,0.008751717,0.790577357,0.01061362,0.00129014,0.010190873,0.443181988,0.269814683,0.032659571,1.580805978,0.021473728,0.002117556,0.012921493,0.148516907,0.106049833,0.008009631,1.069566498,0.007714978,0.000667295,0.00460305,0.149679915,0.091325911,0.005595912,0.732392606,0.004429101,0.001020222,0.00442641,0.086435301,0.049220942,0.003295642,0.518390977,0.002382099,0.000556654,0.003246886,0.121192625,0.065200342,0.002586572,0.787323734,0.003312476,0.000357458,0.003302507,0.073079785,0.044864919,0.001821953,0.526783064,0.002230966,0.000244138,0.002461121,0.653433052,0.407626134,0.053570666,0.355414436,0.028573548,0.001740082,0.016001891,1.994123719,1.230177708,0.122524192,7.054993193,0.101299182,0.009285041,0.06589221
L-023,Low,0.024919221,0.014588213,0.001617459,0.20386734,0.005975679,0.000386501,0.002564715,0.073691456,0.041187154,0.004987142,0.461876633,0.013688409,0.000881803,0.00680365,0.217657523,0.123975169,0.008287294,0.979649716,0.010131995,0.001472299,0.009083657,0.499981624,0.289921838,0.0345033,1.415813911,0.020426437,0.00221822,0.012345669,0.175381275,0.086543168,0.006452164,1.137273063,0.006998133,0.000738644,0.005047544,0.157408467,0.085098819,0.005533066,0.642476694,0.004380057,0.001032597,0.004063466,0.075228291,0.049728268,0.003335807,0.530164434,0.002887486,0.000432459,0.003231116,0.110532072,0.073148303,0.002253729,0.928156044,0.003604435,0.000405219,0.003519798,0.072483094,0.0474892,0.00157103,0.557341277,0.002315081,0.000257282,0.002816978,0.612702798,0.390284653,0.05511989,0.305688612,0.028672525,0.001397169,0.014464889,2.019985821,1.201964786,0.123660881,7.162307725,0.099080236,0.009222193,0.063941482
L-024,Low,0.024668923,0.016817033,0.001726399,0.201583855,0.005944932,0.000316391,0.002278926,0.071507598,0.044593258,0.005673745,0.481393481,0.015160794,0.000832878,0.007374761,0.218802109,0.124235494,0.008295094,0.907992257,0.010668488,0.00129391,0.008468541,0.466248742,0.301265672,0.03676762,1.565742074,0.01870862,0.002224625,0.010940501,0.176147195,0.094287132,0.007580709,1.044556322,0.007352015,0.000688925,0.00519132,0.131596538,0.071705418,0.005856822,0.778410703,0.003910472,0.000941157,0.004419424,0.088396827,0.04713449,0.003588341,0.467482135,0.002485558,0.00056967,0.003416493,0.113206231,0.077154782,0.002296649,0.86214199,0.003991771,0.00039859,0.003787891,0.069584691,0.042044896,0.001746465,0.574843839,0.002569416,0.000302313,0.002368603,0.645424129,0.364910437,0.054266473,0.34500878,0.0263069,0.001751117,0.013556809,2.005582982,1.184148613,0.127798317,7.229155436,0.097098965,0.009319575,0.061803269
L-025,Low,0.023464777,0.016267579,0.001496345,0.216039262,0.006318189,0.000347898,0.002347019,0.074663311,0.048647283,0.005153257,0.528486486,0.014656974,0.000882008,0.006742277,0.203499372,0.130271048,0.009915584,0.765505701,0.010124819,0.001246015,0.010406866,0.456136808,0.244128906,0.035540583,1.910538352,0.021361155,0.002069663,0.012245683,0.187077127,0.092480081,0.006746,1.069484194,0.006236155,0.000664146,0.005501106,0.159154999,0.088888414,0.006011879,0.793424331,0.004008422,0.000997585,0.004307937,0.086674808,0.048682107,0.003366606,0.496333499,0.003121714,0.000542835,0.003499734,0.110342214,0.064175978,0.002526319,0.832965332,0.003093366,0.000362538,0.003408569,0.075900076,0.043449113,0.001878409,0.486743906,0.002253038,0.000301356,0.002402157,0.632380175,0.428468811,0.048487734,0.337602552,0.025006771,0.001464081,0.014962816,2.009293667,1.20545932,0.121122716,7.437123615,0.096180602,0.008878124,0.065824163
L-026,Low,0.027095163,0.016769867,0.001774723,0.198561128,0.005672832,0.00037064,0.002459961,0.069419828,0.042992862,0.005629288,0.545174841,0.013121129,0.000778331,0.007079498,0.203068134,0.118444375,0.009112931,0.861313174,0.01023799,0.0014353,0.009100984,0.529009668,0.256781224,0.035585827,1.873063624,0.018405125,0.001990271,0.012865051,0.183967942,0.097399428,0.006445301,1.179997945,0.007371418,0.00062377,0.004664063,0.155446963,0.088798191,0.005823658,0.801895844,0.004035716,0.000866854,0.004122088,0.085381606,0.046667771,0.003120313,0.444255351,0.002456924,0.000542504,0.003703246,0.121661562,0.062459269,0.002341121,0.844773023,0.003730979,0.000419592,0.003059495,0.070196149,0.044106831,0.001758807,0.57363648,0.002404376,0.000278388,0.002394341,0.62396399,0.382307835,0.051238036,0.333521577,0.025647178,0.00175849,0.015590559,2.069211006,1.156727654,0.122830006,7.656192986,0.093083667,0.009064141,0.065039285
L-027,Low,0.026189486,0.017689632,0.001732005,0.194599905,0.00632328,0.00030702,0.00235421,0.069621471,0.044058227,0.004649167,0.496138179,0.013828188,0.000820629,0.007255569,0.214233025,0.122233821,0.008170512,0.768548642,0.011228498,0.001417175,0.008880878,0.500319585,0.270643841,0.033306918,1.752530031,0.019326014,0.00199021,0.012002622,0.163971624,0.103283998,0.007702385,1.04582154,0.005996078,0.000583356,0.005045515,0.145796043,0.086254438,0.006006016,0.677921277,0.003702359,0.001041431,0.004290866,0.082430188,0.041999518,0.003513794,0.556055483,0.002600329,0.000479313,0.003410755,0.101317262,0.071280138,0.002564818,0.713560061,0.003493788,0.000421421,0.003485582,0.073334773,0.040357581,0.001768381,0.518953526,0.002015604,0.00026483,0.002545795,0.578654166,0.420150453,0.052553293,0.348177622,0.025267535,0.001691758,0.015013843,1.955867623,1.217951647,0.121967289,7.072306267,0.093781672,0.009017143,0.064285635
L-028,Low,0.024952741,0.016758719,0.001587045,0.188416754,0.005475506,0.000389382,0.002646019,0.069470088,0.039308949,0.005325712,0.505778952,0.014669727,0.000791061,0.006877378,0.197861195,0.115746533,0.008943033,0.757199334,0.010609011,0.001426094,0.008766049,0.448276179,0.267692928,0.034680835,1.681550402,0.021027972,0.00229535,0.01147103,0.149297778,0.104381961,0.007612704,1.135814642,0.006274835,0.000674018,0.004694983,0.159983339,0.076844962,0.005823211,0.710449391,0.004288269,0.00099347,0.004303338,0.085134886,0.044265487,0.003551328,0.508234196,0.002371027,0.000591144,0.00351501,0.110979096,0.072961792,0.002883461,0.807579036,0.003658055,0.00037938,0.003532691,0.073742819,0.044780024,0.001740164,0.565622814,0.002420157,0.000248618,0.002221418,0.57191701,0.366505383,0.054804854,0.311926653,0.0248529,0.001815028,0.014974243,1.891615131,1.149246739,0.126952348,7.172572173,0.095647459,0.009603545,0.063002158
L-029,Low,0.026333583,0.015989994,0.001730994,0.200690804,0.006231802,0.000302702,0.002484222,0.069431853,0.044110425,0.005640598,0.495840997,0.015967874,0.000810228,0.00744147,0.215840194,0.11446168,0.008685298,0.846907917,0.010653048,0.001338441,0.009146035,0.522269921,0.270093502,0.035994983,1.672800076,0.022813995,0.00194175,0.01138111,0.188400922,0.095485108,0.007572999,1.174969353,0.006725335,0.000592454,0.005093005,0.154104007,0.092044159,0.00662104,0.727794921,0.004491757,0.00107543,0.004573902,0.088009594,0.041035135,0.003362481,0.468151829,0.002513318,0.000545486,0.003473663,0.121345921,0.067908738,0.002314938,0.669952208,0.003607719,0.000401803,0.003322374,0.065768309,0.041894229,0.001676525,0.569718865,0.002411875,0.000303055,0.002205004,0.632220333,0.375255971,0.053515397,0.329462531,0.027440277,0.001735634,0.014561919,2.083724636,1.158278941,0.127115253,7.1562895,0.102857,0.009046983,0.063682704
L-030,Low,0.02547823,0.015875313,0.001759044,0.186912114,0.0059376,0.000349543,0.002555979,0.074503032,0.044835614,0.005097291,0.517846312,0.014753338,0.000874339,0.005918572,0.199632693,0.109499631,0.009271443,0.846327731,0.010059982,0.001446595,0.00963036,0.437856668,0.270630676,0.033190907,1.48943488,0.019400204,0.002013416,0.011802878,0.152109467,0.10666235,0.006750705,1.107946227,0.00699343,0.000641952,0.005265246,0.149012468,0.079589106,0.006192253,0.846020266,0.004468717,0.001086842,0.0040929,0.075358365,0.052636069,0.00389596,0.565865033,0.002489206,0.000468191,0.003142744,0.09878705,0.065794537,0.002840708,0.807792634,0.00364663,0.000447848,0.003467574,0.0856103,0.050451591,0.001684175,0.521693317,0.002497819,0.000265289,0.002184565,0.649125927,0.406301544,0.051563108,0.309514445,0.023273943,0.001712943,0.01475699,1.947474201,1.20227643,0.122245592,7.199352958,0.09352087,0.009306956,0.062817809
L-031,Low,0.024882451,0.017321834,0.001788495,0.223961019,0.005531511,0.000331715,0.002687414,0.070163322,0.047123958,0.005252276,0.576920031,0.015004031,0.000914102,0.006643807,0.204206936,0.130316471,0.009473432,0.89400945,0.010139767,0.001492995,0.007894855,0.427934163,0.28516372,0.034034058,1.773085498,0.020493288,0.002122696,0.011211911,0.176885767,0.105561498,0.007389282,1.262973402,0.006917851,0.000693224,0.004548459,0.147227278,0.08383475,0.006393707,0.731813474,0.004490296,0.001019883,0.00419654,0.086502075,0.046278048,0.00329643,0.448269702,0.002505108,0.00049262,0.003275442,0.115520894,0.069400378,0.002592039,0.873670374,0.003715888,0.000399453,0.00345268,0.076461336,0.046000596,0.00186872,0.590007868,0.002288502,0.00027003,0.002493389,0.640117566,0.398933395,0.050768698,0.309727893,0.023691426,0.001732907,0.01567176,1.969901789,1.229934649,0.122857138,7.684438711,0.094777667,0.009469625,0.062076256
L-032,Low,0.023510841,0.016201106,0.001776189,0.187325633,0.006416806,0.000330886,0.002777691,0.065424492,0.039402158,0.004934109,0.506554686,0.014051439,0.000836964,0.006961238,0.201520638,0.121825457,0.007468482,0.873638975,0.010135399,0.00151549,0.00872627,0.414886851,0.283936139,0.034836516,1.578282134,0.018184312,0.002262677,0.013094782,0.139976397,0.095392164,0.007603472,1.067650512,0.006563132,0.000666348,0.004694123,0.134481021,0.091352123,0.005171451,0.778430549,0.004517525,0.000914902,0.003971102,0.092321536,0.049400961,0.003250987,0.553533436,0.002768443,0.000519742,0.003182701,0.108906385,0.067648108,0.002515855,0.870399423,0.003182248,0.000364714,0.003615845,0.072189506,0.042232196,0.001486596,0.544754939,0.002371085,0.00028462,0.002391644,0.589398141,0.405254075,0.046247556,0.352948436,0.022474388,0.00159881,0.013982691,1.842615808,1.212644486,0.115291212,7.313518724,0.090664778,0.009295154,0.063398087
L-033,Low,0.026915707,0.016074997,0.00169837,0.187970079,0.005823394,0.00032157,0.002619425,0.063215012,0.046512654,0.004493272,0.480795917,0.016170724,0.000823739,0.006165177,0.207173033,0.118268651,0.007995552,0.783864197,0.012204856,0.00133571,0.008071712,0.526481415,0.283801001,0.03214975,1.587372526,0.021375458,0.002004236,0.010272741,0.191571986,0.095561806,0.007522062,1.205299615,0.006316713,0.000729882,0.004864113,0.132722032,0.08243755,0.006117982,0.739866459,0.004157348,0.001102817,0.004282135,0.079910695,0.049972582,0.003447719,0.41869269,0.002627553,0.000524188,0.003404857,0.119303465,0.063134842,0.002610923,0.725216642,0.003673185,0.000464576,0.003317834,0.070764843,0.04197183,0.001715691,0.502941287,0.002451182,0.000288354,0.002470294,0.52029329,0.400425682,0.054394207,0.360040096,0.026175031,0.001726577,0.016421485,1.938351477,1.198161596,0.122145529,6.992059507,0.100975445,0.009321651,0.061889771
L-034,Low,0.028982521,0.015057196,0.00183013,0.202751232,0.00589522,0.000302908,0.002498439,0.063185205,0.041100319,0.004702347,0.493745027,0.014033351,0.000855839,0.006020399,0.183063115,0.12554518,0.008018746,0.914847873,0.01036314,0.001418589,0.010286488,0.465533013,0.260905513,0.03610429,1.761498287,0.020128671,0.002241539,0.011720675,0.170395578,0.098748571,0.006348778,1.111086962,0.007474356,0.000701483,0.005111248,0.151242722,0.086996783,0.006266739,0.798090807,0.00414986,0.001043521,0.004394822,0.078921578,0.048168552,0.002878261,0.527472546,0.002669555,0.000537069,0.003304636,0.114661929,0.073002978,0.002805963,0.81430985,0.003605313,0.000440181,0.003189592,0.073084209,0.048391287,0.001817707,0.558262444,0.002125544,0.000271036,0.002280316,0.608984738,0.352508608,0.047285856,0.290154152,0.027712077,0.001651748,0.015470707,1.938054609,1.150424987,0.118058816,7.47221918,0.098157088,0.009463912,0.064277321
L-035,Low,0.025495948,0.014926027,0.001548031,0.189439016,0.005644497,0.00034885,0.002405935,0.076432057,0.045599428,0.005392707,0.505667151,0.016003576,0.000836843,0.006784907,0.206461911,0.128499123,0.008884374,0.821326189,0.009814006,0.001421789,0.00982481,0.462706305,0.241348224,0.033499539,1.775259564,0.023014966,0.001866488,0.01153959,0.165299899,0.108091451,0.00678313,1.033815695,0.007069738,0.000660464,0.004656649,0.143301804,0.095464943,0.006112309,0.770852987,0.004174595,0.001041157,0.004334561,0.086763239,0.04798813,0.003609728,0.510836608,0.002372944,0.000487824,0.002922265,0.128346031,0.070361245,0.002399716,0.799671037,0.003408571,0.000452685,0.003210104,0.075407959,0.043859418,0.001799799,0.539982748,0.002082898,0.00026715,0.002215724,0.598361838,0.412083137,0.044701541,0.320682623,0.024499349,0.001653937,0.016103999,1.968576991,1.208221126,0.114730875,7.267533618,0.098085141,0.009037188,0.063998544
L-036,Low,0.025185798,0.01662678,0.001624469,0.207330224,0.006278581,0.000322322,0.002691465,0.068252856,0.045654676,0.005027066,0.523804869,0.01440834,0.000844194,0.006925012,0.211775119,0.111540781,0.009365198,0.737769336,0.009704059,0.001350897,0.009623743,0.529268327,0.236112675,0.032774426,1.443291198,0.020445801,0.002079351,0.013244063,0.171456062,0.105908802,0.007081877,1.070852603,0.006119754,0.000693277,0.00455971,0.167069834,0.084021955,0.006454903,0.738917153,0.004331126,0.001035161,0.004236408,0.0823889,0.048926344,0.003176424,0.466206347,0.002775014,0.000536331,0.003415906,0.125464857,0.065039547,0.002789475,0.82617206,0.003310256,0.000461534,0.003821115,0.074157282,0.046482009,0.001651273,0.576025052,0.001975956,0.000252306,0.002545475,0.584453302,0.379511078,0.046123289,0.384607509,0.027655454,0.001675777,0.014860379,2.039472336,1.139824649,0.1160684,6.974976351,0.09700434,0.00925115,0.065923276
L-037,Low,0.027364099,0.0184232,0.001815119,0.23545639,0.005560353,0.00032022,0.002334742,0.07013282,0.043029884,0.005044978,0.539303255,0.015714308,0.000757926,0.006511782,0.21587896,0.118335164,0.008018283,0.911468734,0.009266144,0.001330879,0.00956817,0.456607182,0.287124302,0.032626731,1.870020373,0.020217869,0.002137227,0.012530316,0.162425592,0.084224362,0.006974173,1.110671382,0.007068353,0.000669063,0.004944142,0.174818042,0.076114343,0.006260057,0.7337905,0.004148679,0.000997035,0.004007564,0.088447338,0.052299819,0.003513461,0.513743462,0.002371405,0.000528714,0.003920543,0.10916731,0.064530132,0.002448415,0.787645297,0.002874149,0.000419733,0.003355678,0.066248215,0.046563661,0.0015694,0.530919246,0.002627799,0.000244785,0.002121022,0.60637684,0.404523487,0.045299309,0.34984163,0.0265519,0.001451459,0.016167412,1.977466399,1.195168354,0.113569926,7.582860269,0.096400958,0.008857043,0.06546137
L-038,Low,0.027087095,0.015792491,0.001851158,0.220460423,0.005993562,0.000329102,0.00237387,0.067818643,0.044219248,0.004982616,0.430428489,0.015751637,0.00086148,0.006616717,0.216415082,0.135649719,0.006809046,0.876207811,0.009166821,0.001408194,0.009434924,0.497485014,0.26235853,0.029477998,1.645640559,0.020989278,0.002187069,0.01090992,0.182396619,0.094064505,0.006974991,1.06499627,0.006887952,0.00072306,0.004655698,0.145614182,0.086116249,0.006964549,0.718115851,0.00486561,0.00116516,0.004220636,0.08320065,0.045261096,0.003383536,0.459062689,0.002536197,0.000564202,0.003252484,0.110282342,0.058292221,0.002617724,0.831323011,0.003586147,0.000401719,0.003495795,0.077465492,0.044109568,0.001738017,0.552303496,0.002569837,0.000285074,0.00241259,0.659145739,0.385159811,0.05572527,0.354651595,0.022165206,0.001857494,0.015446842,2.066910858,1.171023439,0.120524905,7.153190194,0.094512246,0.009782554,0.062819476
L-039,Low,0.025405936,0.016472608,0.001658361,0.207288286,0.005699962,0.000370761,0.002529435,0.066152885,0.039709036,0.005197324,0.516775148,0.014848504,0.000788005,0.00602695,0.213061064,0.135302132,0.007880596,0.945922781,0.010405608,0.001359318,0.009086087,0.429208829,0.291075013,0.032127686,1.605877334,0.021836706,0.001767269,0.010612712,0.16978112,0.100653167,0.00703403,1.081322399,0.008021662,0.000668997,0.005016432,0.144342334,0.085747778,0.00620979,0.830372342,0.003800608,0.001002185,0.004384793,0.088542892,0.047622132,0.003530941,0.480707417,0.002832059,0.000545943,0.003075334,0.103635514,0.061371825,0.002672746,0.741568012,0.003486095,0.000421172,0.003553229,0.0761749,0.040855298,0.001771799,0.520315304,0.002325146,0.000276591,0.002397418,0.596013036,0.354067855,0.049915332,0.340052712,0.023010408,0.001644172,0.015721137,1.91231851,1.172876844,0.117998604,7.270201736,0.09626676,0.008844414,0.062403527
L-040,Low,0.023187201,0.017476194,0.001853242,0.185965239,0.006523526,0.000336534,0.002625772,0.065602169,0.045285288,0.005247047,0.480519511,0.013254561,0.000761871,0.006890738,0.212291676,0.128057152,0.008428798,0.780175264,0.009706041,0.001471271,0.009028279,0.480846942,0.251227038,0.034812511,1.644757473,0.021916059,0.002152042,0.011481178,0.168471165,0.094741856,0.006114698,1.037729354,0.006895699,0.000695704,0.005153789,0.149722274,0.090631057,0.005976843,0.803197232,0.003714763,0.00073594,0.004335633,0.076401539,0.046881998,0.003327074,0.567479776,0.002622419,0.000516006,0.00360205,0.115135525,0.064145577,0.002743991,0.751705517,0.003651933,0.00036317,0.003621694,0.075824929,0.049461051,0.001511108,0.520791334,0.002519017,0.000278476,0.002410468,0.554608047,0.35831141,0.055508293,0.338756568,0.026179589,0.001686097,0.014014814,1.922091468,1.146218621,0.125523605,7.111077267,0.096983609,0.008997109,0.063164415
L-041,Low,0.027190664,0.016727031,0.00197829,0.189290319,0.006297496,0.000308339,0.002578488,0.072714574,0.036247332,0.005025794,0.489606176,0.013729827,0.000873248,0.007341067,0.202069591,0.124185759,0.008568985,0.850108842,0.009411098,0.001467031,0.009545965,0.489345415,0.256424686,0.032891442,1.678740602,0.018177974,0.001795505,0.011392428,0.176306826,0.094027646,0.006308121,1.041083837,0.006580161,0.000662916,0.005884135,0.164456344,0.091184512,0.006443667,0.710749044,0.003881151,0.00093984,0.004652687,0.081697698,0.043370917,0.003295958,0.501360094,0.002598596,0.000519087,0.003200077,0.117662076,0.063291124,0.002521706,0.855788943,0.003407318,0.000391507,0.00371997,0.070244751,0.042992446,0.001767078,0.623337266,0.002482301,0.000281128,0.002469695,0.549663077,0.377069556,0.050892216,0.347763051,0.025710938,0.00174583,0.014961653,1.951351014,1.14552101,0.119693257,7.287828174,0.09227686,0.008984431,0.065746166
L-042,Low,0.025606111,0.01474211,0.001661387,0.224144833,0.006084681,0.000339495,0.002893293,0.061429889,0.039152218,0.005720173,0.511664245,0.014201122,0.000777628,0.007016148,0.211885957,0.112888406,0.008415344,0.82975162,0.010385379,0.001251925,0.010181105,0.506951181,0.264986354,0.033477565,1.683533846,0.019272698,0.001975774,0.011671649,0.189467321,0.105226896,0.007251251,1.134022514,0.006260555,0.000677997,0.005451414,0.139331471,0.088841599,0.006931186,0.822672571,0.004676683,0.001035812,0.004542073,0.080667756,0.050289701,0.003557969,0.520497684,0.002788263,0.000490491,0.003354844,0.11296047,0.061453312,0.002591086,0.716412048,0.003835372,0.000409351,0.003437969,0.070368809,0.043463844,0.001783073,0.56515587,0.002260778,0.000255661,0.002491003,0.564484434,0.375590844,0.051448116,0.34753318,0.027053899,0.00154756,0.013223908,1.963153398,1.156635285,0.12283715,7.355388411,0.096819428,0.008761694,0.064263406
L-043,Low,0.024472637,0.018215723,0.001944076,0.23052277,0.005868475,0.00029698,0.002125793,0.065035424,0.041902313,0.005570956,0.541423236,0.014683306,0.000796298,0.006336136,0.207680785,0.128457652,0.0087365,0.787562013,0.010671213,0.001401126,0.008639238,0.449493088,0.285296234,0.033433899,1.891810079,0.021125836,0.001969516,0.011891377,0.170765038,0.093500831,0.006359402,1.160027544,0.007208098,0.000709151,0.005648697,0.147114717,0.095104224,0.005569406,0.709995984,0.003718932,0.000987716,0.004098002,0.088174031,0.048424254,0.003112016,0.495779383,0.002482747,0.000445692,0.003163199,0.106059544,0.073048503,0.002584662,0.854363409,0.003190141,0.000442594,0.00389979,0.06418719,0.041986575,0.001759839,0.56888886,0.002265348,0.0002661,0.002279055,0.59966461,0.405789879,0.048208056,0.364159807,0.024084783,0.001597691,0.016189239,1.922647065,1.231726187,0.117278814,7.604533084,0.095298879,0.008912863,0.064270526
L-044,Low,0.027169166,0.017126269,0.001541183,0.197251166,0.006297672,0.000341003,0.002355608,0.070212759,0.040343069,0.005749797,0.565938709,0.015069774,0.000932137,0.006831281,0.215086597,0.13524198,0.008648158,0.834599454,0.008965513,0.001351973,0.009896629,0.507958627,0.281740298,0.032693304,1.461397637,0.01968273,0.001995919,0.011635606,0.177465975,0.112500926,0.00685964,1.087996307,0.006674848,0.000686005,0.004800075,0.154305717,0.087720652,0.006038582,0.78985139,0.004380883,0.000891679,0.004442176,0.080950425,0.043896502,0.003133385,0.525698542,0.002509703,0.000449096,0.003515398,0.100731794,0.066958181,0.00259318,0.867306794,0.004021604,0.000368468,0.003556699,0.073332439,0.045561193,0.001726031,0.530383254,0.002305496,0.000250439,0.002546929,0.614399081,0.398370417,0.049876056,0.324143992,0.023547711,0.001743321,0.014170473,2.021612579,1.229459489,0.118859317,7.184567245,0.093455933,0.00901004,0.063750875
L-045,Low,0.028847004,0.014650592,0.001733031,0.226694324,0.006203085,0.000344241,0.002374656,0.061328818,0.044823626,0.005645376,0.494109242,0.01328138,0.000701649,0.006326487,0.202353794,0.136297021,0.008906236,0.868411904,0.009910233,0.00130369,0.010283139,0.48278416,0.231394575,0.032374075,1.596413325,0.019608791,0.002121532,0.01180922,0.169072235,0.1077951,0.006463749,1.251255774,0.006475893,0.000684306,0.004998176,0.154340702,0.087683113,0.006133274,0.724094432,0.00391116,0.00120128,0.004103958,0.089219747,0.042166815,0.003332501,0.50539411,0.002635603,0.00041142,0.003440106,0.10304093,0.067826793,0.002362373,0.766436755,0.003500644,0.000377516,0.003449466,0.06846222,0.038447144,0.001822867,0.493941415,0.002349807,0.00028654,0.002276087,0.560140867,0.380007526,0.055048038,0.31177273,0.025228157,0.001490888,0.014872866,1.919590477,1.151092305,0.12382152,7.23852401,0.093104754,0.008923062,0.063934161
L-046,Low,0.025561928,0.015170045,0.001644841,0.183603243,0.005982562,0.000365484,0.002351362,0.064993741,0.044016433,0.005538898,0.455931597,0.014276835,0.000867087,0.006750727,0.168126144,0.126754673,0.009416919,0.857040537,0.009453273,0.001310452,0.010524957,0.506753094,0.284360194,0.03486038,1.620200751,0.020109493,0.002028714,0.012364335,0.188212651,0.106429038,0.006114721,1.122573525,0.007155709,0.000709879,0.004872154,0.184655968,0.077292795,0.005492407,0.777687717,0.004888745,0.000959443,0.004169786,0.091501467,0.047539633,0.003319227,0.530481567,0.002599339,0.000547312,0.003711761,0.114645648,0.067673273,0.002588765,0.844338268,0.003583984,0.000407982,0.003873309,0.08285179,0.039468997,0.00170121,0.517399866,0.002327452,0.000279773,0.002493122,0.590263218,0.323193161,0.04750557,0.361641502,0.020538458,0.001843322,0.015866212,2.017565649,1.131898242,0.118182938,7.270898573,0.090915851,0.009319449,0.066977726
L-047,Low,0.027882937,0.015922311,0.001451188,0.210233372,0.006488477,0.000362323,0.00243002,0.068418882,0.040892167,0.004803344,0.54459462,0.013221392,0.000796058,0.006266976,0.182415255,0.123672399,0.009200967,0.838842688,0.009109537,0.001441105,0.010469053,0.454159594,0.26275816,0.035244805,1.895760161,0.019647072,0.001847008,0.012433486,0.179644752,0.098642924,0.006530533,1.183013983,0.007054936,0.0006429,0.005117777,0.138316401,0.089139349,0.005839219,0.741334366,0.00424008,0.001022919,0.004520045,0.088567231,0.047071399,0.003584349,0.524510696,0.002472764,0.000505484,0.003364219,0.116225013,0.064572314,0.002479316,0.930061923,0.003808195,0.000385967,0.003714716,0.075428534,0.045428766,0.001716577,0.589948758,0.002438403,0.000270801,0.002556109,0.604855127,0.377225742,0.052137076,0.337740278,0.025516705,0.001629186,0.014484007,1.935913726,1.16532553,0.122987375,7.796040846,0.093997562,0.008903751,0.065356409
L-048,Low,0.023692088,0.014553882,0.001593818,0.201475916,0.005993562,0.000333451,0.0021235,0.075602103,0.045778454,0.00526141,0.579070237,0.013447273,0.000963918,0.006333995,0.20745788,0.111329844,0.008508868,0.873305148,0.010087973,0.001428932,0.009415731,0.458344472,0.261053701,0.035957546,1.621093337,0.02172587,0.002217098,0.010490104,0.183674421,0.113024195,0.006921667,1.15200115,0.007300666,0.0006667,0.005166004,0.138723851,0.085836662,0.006160427,0.793035395,0.004571492,0.000963889,0.004089286,0.096439387,0.04709195,0.003448288,0.507573566,0.002401235,0.000568788,0.003272613,0.103219818,0.06417823,0.002187591,0.778267009,0.003324608,0.000425886,0.00339931,0.079514949,0.048588722,0.001794288,0.535680843,0.002403846,0.000242549,0.002357394,0.558650777,0.392437143,0.060315936,0.352065694,0.021895041,0.0016564,0.015433062,1.925319746,1.183872785,0.13214984,7.393568296,0.093151566,0.00946761,0.062080997
L-049,Low,0.025658161,0.015312013,0.001729607,0.186003618,0.005550823,0.00035559,0.002366114,0.070598486,0.038367643,0.005739043,0.481963686,0.014220529,0.000869953,0.006527049,0.206077092,0.12740008,0.00907973,0.89776687,0.010075575,0.001345841,0.010909456,0.508102451,0.254197742,0.034241371,1.659548223,0.020203982,0.00186192,0.011551966,0.191865478,0.102653882,0.005597267,1.200458042,0.007326073,0.000662654,0.005359721,0.143664346,0.082162007,0.006583061,0.750240983,0.003685808,0.001015416,0.004226286,0.092232154,0.047648451,0.00329823,0.547841483,0.002571869,0.000482842,0.003678816,0.113742748,0.066313773,0.00258221,0.753969757,0.003436256,0.000408104,0.003520659,0.081557613,0.044882263,0.001803187,0.544362886,0.002558492,0.000279677,0.002382268,0.594438856,0.348655837,0.052835542,0.339029458,0.024591144,0.00183355,0.01394189,2.027937385,1.127593691,0.123489249,7.361185006,0.094220551,0.009115545,0.064464225
L-050,Low,0.024735071,0.017328434,0.001738084,0.203306811,0.006056036,0.000344331,0.002275408,0.066313764,0.047377854,0.004861259,0.49847432,0.013894324,0.000844749,0.006518468,0.211049964,0.124114732,0.008966836,0.786575701,0.009953525,0.001338204,0.009652481,0.449192296,0.289683106,0.036864007,1.580643108,0.01968902,0.001962955,0.014124103,0.164811106,0.110344385,0.00618847,1.027356933,0.006468507,0.00063917,0.005002994,0.145300542,0.080055273,0.006439396,0.831470351,0.00453645,0.001057948,0.004277985,0.08200042,0.044378709,0.003487627,0.467502843,0.002370051,0.000551747,0.003858817,0.115333068,0.071508426,0.002505489,0.738500508,0.003725167,0.000424491,0.003588166,0.073512792,0.047219609,0.001581022,0.514113499,0.00220965,0.000273641,0.002196168,0.566094189,0.355259367,0.050056337,0.304094781,0.025657885,0.00185055,0.015447184,1.898343212,1.187269895,0.122688528,6.952038856,0.094560616,0.009287786,0.066941775
